date,adjclose
2011-01-03,9.964778900146484
2011-01-04,10.016783714294434
2011-01-05,10.09872341156006
2011-01-06,10.090557098388672
2011-01-07,10.162823677062988
2011-01-10,10.354214668273926
2011-01-11,10.329721450805664
2011-01-12,10.413780212402344
2011-01-13,10.451871871948242
2011-01-14,10.536537170410156
2011-01-18,10.299785614013672
2011-01-19,10.245065689086914
2011-01-20,10.058810234069824
2011-01-21,9.878604888916016
2011-01-24,10.203036308288574
2011-01-25,10.322467803955078
2011-01-26,10.396541595458984
2011-01-27,10.37719440460205
2011-01-28,10.162216186523438
2011-01-31,10.259576797485352
2011-02-01,10.432226181030272
2011-02-02,10.410754203796388
2011-02-03,10.38414192199707
2011-02-04,10.476670265197754
2011-02-07,10.63933563232422
2011-02-08,10.739721298217772
2011-02-09,10.829214096069336
2011-02-10,10.719766616821287
2011-02-11,10.789610862731934
2011-02-14,10.860054969787598
2011-02-15,10.881828308105469
2011-02-16,10.979488372802734
2011-02-17,10.833451271057127
2011-02-18,10.599427223205566
2011-02-22,10.238107681274414
2011-02-23,10.35935401916504
2011-02-24,10.367216110229492
2011-02-25,10.526860237121582
2011-02-28,10.67954921722412
2011-03-01,10.561625480651855
2011-03-02,10.646592140197754
2011-03-03,10.871546745300291
2011-03-04,10.884847640991213
2011-03-07,10.744556427001951
2011-03-08,10.756651878356934
2011-03-09,10.65717315673828
2011-03-10,10.481805801391602
2011-03-11,10.642659187316896
2011-03-14,10.690131187438965
2011-03-15,10.444315910339355
2011-03-16,9.978084564208984
2011-03-17,10.118070602416992
2011-03-18,9.99803638458252
2011-03-21,10.258973121643066
2011-03-22,10.316417694091797
2011-03-23,10.255644798278809
2011-03-24,10.430410385131836
2011-03-25,10.629057884216309
2011-03-28,10.59579372406006
2011-03-29,10.611520767211914
2011-03-30,10.541067123413086
2011-03-31,10.537442207336426
2011-04-01,10.418009757995604
2011-04-04,10.316117286682127
2011-04-05,10.246576309204102
2011-04-06,10.22087287902832
2011-04-07,10.222087860107422
2011-04-08,10.130770683288574
2011-04-11,10.001968383789062
2011-04-12,10.050345420837402
2011-04-13,10.163128852844238
2011-04-14,10.050947189331056
2011-04-15,9.900979042053224
2011-04-18,10.033716201782228
2011-04-19,10.215431213378906
2011-04-20,10.35300636291504
2011-04-21,10.603656768798828
2011-04-25,10.673503875732422
2011-04-26,10.59519386291504
2011-04-27,10.587026596069336
2011-04-28,10.484228134155272
2011-04-29,10.586423873901367
2011-05-02,10.470017433166504
2011-05-03,10.528067588806152
2011-05-04,10.569491386413574
2011-05-05,10.484228134155272
2011-05-06,10.48150634765625
2011-05-09,10.509926795959473
2011-05-10,10.565863609313965
2011-05-11,10.498740196228027
2011-05-12,10.478785514831545
2011-05-13,10.295252799987791
2011-05-16,10.077557563781738
2011-05-17,10.163429260253906
2011-05-18,10.27620792388916
2011-05-19,10.296162605285645
2011-05-20,10.135608673095703
2011-05-23,10.110816955566406
2011-05-24,10.04399585723877
2011-05-25,10.18277645111084
2011-05-26,10.128958702087402
2011-05-27,10.201828002929688
2011-05-31,10.51688289642334
2011-06-01,10.446735382080078
2011-06-02,10.464573860168455
2011-06-03,10.38414192199707
2011-06-06,10.22087287902832
2011-06-07,10.03946018218994
2011-06-08,10.045507431030272
2011-06-09,10.02283000946045
2011-06-10,9.853809356689451
2011-06-13,9.87497615814209
2011-06-14,10.051554679870604
2011-06-15,9.87951374053955
2011-06-16,9.831438064575195
2011-06-17,9.683284759521484
2011-06-20,9.533920288085938
2011-06-21,9.835673332214355
2011-06-22,9.754338264465332
2011-06-23,10.014971733093262
2011-06-24,9.867417335510254
2011-06-27,10.03946018218994
2011-06-28,10.136817932128906
2011-06-29,10.099931716918944
2011-06-30,10.149212837219238
2011-07-01,10.378705978393556
2011-07-05,10.565258026123049
2011-07-06,10.635711669921877
2011-07-07,10.800193786621094
2011-07-08,10.876081466674805
2011-07-11,10.703436851501465
2011-07-12,10.695878982543944
2011-07-13,10.824983596801758
2011-07-14,10.817425727844238
2011-07-15,11.033611297607422
2011-07-18,11.302103996276855
2011-07-19,11.394323348999023
2011-07-20,11.698190689086914
2011-07-21,11.709983825683594
2011-07-22,11.89169979095459
2011-07-25,12.04892635345459
2011-07-26,12.197383880615234
2011-07-27,11.87022876739502
2011-07-28,11.84695053100586
2011-07-29,11.806432723999023
2011-08-01,11.996013641357422
2011-08-02,11.758965492248535
2011-08-03,11.869625091552734
2011-08-04,11.410043716430664
2011-08-05,11.29666233062744
2011-08-08,10.67954921722412
2011-08-09,11.308452606201172
2011-08-10,10.996420860290527
2011-08-11,11.299077987670898
2011-08-12,11.398551940917969
2011-08-15,11.592666625976562
2011-08-16,11.504076957702637
2011-08-17,11.502867698669434
2011-08-18,11.067776679992676
2011-08-19,10.764813423156738
2011-08-22,10.777214050292969
2011-08-23,11.29605484008789
2011-08-24,11.374065399169922
2011-08-25,11.299681663513184
2011-08-26,11.59780502319336
2011-08-29,11.791014671325684
2011-08-30,11.791618347167969
2011-08-31,11.63560390472412
2011-09-01,11.520708084106444
2011-09-02,11.309662818908691
2011-09-06,11.481703758239746
2011-09-07,11.608391761779783
2011-09-08,11.614744186401367
2011-09-09,11.413372993469238
2011-09-12,11.487747192382812
2011-09-13,11.629254341125488
2011-09-14,11.770755767822266
2011-09-15,11.881418228149414
2011-09-16,12.109395027160645
2011-09-19,12.445920944213867
2011-09-20,12.500946998596191
2011-09-21,12.46133804321289
2011-09-22,12.149306297302246
2011-09-23,12.224292755126951
2011-09-26,12.19012451171875
2011-09-27,12.071903228759766
2011-09-28,12.003872871398926
2011-09-29,11.80915641784668
2011-09-30,11.529478073120115
2011-10-03,11.326290130615234
2011-10-04,11.262794494628906
2011-10-05,11.436651229858398
2011-10-06,11.410043716430664
2011-10-07,11.181157112121582
2011-10-10,11.755942344665527
2011-10-11,12.103046417236328
2011-10-12,12.160491943359377
2011-10-13,12.349165916442873
2011-10-14,12.759464263916016
2011-10-17,12.698688507080078
2011-10-18,12.766721725463867
2011-10-19,12.052555084228516
2011-10-20,11.952471733093262
2011-10-21,11.87869644165039
2011-10-24,12.268735885620115
2011-10-25,12.026849746704102
2011-10-26,12.112419128417969
2011-10-27,12.236084938049316
2011-10-28,12.243943214416504
2011-10-31,12.238807678222656
2011-11-01,11.988755226135254
2011-11-02,12.015968322753906
2011-11-03,12.18710231781006
2011-11-04,12.101536750793455
2011-11-07,12.086115837097168
2011-11-08,12.28264331817627
2011-11-09,11.951563835144045
2011-11-10,11.647394180297852
2011-11-11,11.629254341125488
2011-11-14,11.467188835144045
2011-11-15,11.756546974182127
2011-11-16,11.633788108825684
2011-11-17,11.4112548828125
2011-11-18,11.33657169342041
2011-11-21,11.157273292541504
2011-11-22,11.384040832519531
2011-11-23,11.096199989318848
2011-11-25,10.992793083190918
2011-11-28,11.37224578857422
2011-11-29,11.283960342407228
2011-11-30,11.556081771850586
2011-12-01,11.72933578491211
2011-12-02,11.782848358154297
2011-12-05,11.882925987243652
2011-12-06,11.820645332336426
2011-12-07,11.764406204223633
2011-12-08,11.81187629699707
2011-12-09,11.901371002197266
2011-12-12,11.847552299499512
2011-12-13,11.755942344665527
2011-12-14,11.495306968688965
2011-12-15,11.457512855529783
2011-12-16,11.52040672302246
2011-12-19,11.55638313293457
2011-12-20,11.97182559967041
2011-12-21,11.986942291259766
2011-12-22,12.05044174194336
2011-12-23,12.194963455200195
2011-12-27,12.291715621948242
2011-12-28,12.174100875854492
2011-12-29,12.24908447265625
2011-12-30,12.24545669555664
2012-01-03,12.43382453918457
2012-01-04,12.500643730163574
2012-01-05,12.639427185058594
2012-01-06,12.771556854248049
2012-01-09,12.751302719116213
2012-01-10,12.796954154968262
2012-01-11,12.77608871459961
2012-01-12,12.741018295288086
2012-01-13,12.693248748779297
2012-01-17,12.841100692749023
2012-01-18,12.974440574645996
2012-01-19,12.93331813812256
2012-01-20,12.708064079284668
2012-01-23,12.923040390014648
2012-01-24,12.711387634277344
2012-01-25,13.505075454711914
2012-01-26,13.44369411468506
2012-01-27,13.523820877075195
2012-01-30,13.69707489013672
2012-01-31,13.801990509033203
2012-02-01,13.793219566345217
2012-02-02,13.760870933532717
2012-02-03,13.898741722106934
2012-02-06,14.028457641601562
2012-02-07,14.17540454864502
2012-02-08,14.412752151489258
2012-02-09,14.911340713500977
2012-02-10,14.918900489807127
2012-02-13,15.19646167755127
2012-02-14,15.403875350952148
2012-02-15,15.047401428222656
2012-02-16,15.18466854095459
2012-02-17,15.181944847106934
2012-02-21,15.56684398651123
2012-02-22,15.51211929321289
2012-02-23,15.613414764404297
2012-02-24,15.795429229736328
2012-02-27,15.896721839904783
2012-02-28,16.18849754333496
2012-02-29,16.40105438232422
2012-03-01,16.462425231933594
2012-03-02,16.48390007019043
2012-03-05,16.120460510253906
2012-03-06,16.03278350830078
2012-03-07,16.045774459838867
2012-03-08,16.387451171875
2012-03-09,16.48359489440918
2012-03-12,16.690105438232422
2012-03-13,17.17690086364746
2012-03-14,17.82636070251465
2012-03-15,17.704811096191406
2012-03-16,17.70511817932129
2012-03-19,18.1746826171875
2012-03-20,18.321622848510746
2012-03-21,18.21700668334961
2012-03-22,18.12146377563477
2012-03-23,18.021982192993164
2012-03-26,18.35247039794922
2012-03-27,18.5792293548584
2012-03-28,18.67416763305664
2012-03-29,18.43954467773437
2012-03-30,18.127809524536133
2012-04-02,18.7047061920166
2012-04-03,19.02793312072754
2012-04-04,18.876449584960938
2012-04-05,19.159757614135746
2012-04-09,19.23685073852539
2012-04-10,19.001325607299805
2012-04-11,18.93359375
2012-04-12,18.82988166809082
2012-04-13,18.29955101013184
2012-04-16,17.540639877319336
2012-04-17,18.434701919555664
2012-04-18,18.39358901977539
2012-04-19,17.76165771484375
2012-04-20,17.32444953918457
2012-04-23,17.285741806030273
2012-04-24,16.940448760986328
2012-04-25,18.443767547607425
2012-04-26,18.374231338500977
2012-04-27,18.232120513916016
2012-04-30,17.65703773498535
2012-05-01,17.601110458374023
2012-05-02,17.71751594543457
2012-05-03,17.59173583984375
2012-05-04,17.09072494506836
2012-05-07,17.2186279296875
2012-05-08,17.179309844970703
2012-05-09,17.209552764892578
2012-05-10,17.25007438659668
2012-05-11,17.13487434387207
2012-05-14,16.878175735473633
2012-05-15,16.725481033325195
2012-05-16,16.511112213134766
2012-05-17,16.028541564941406
2012-05-18,16.036407470703125
2012-05-21,16.9706974029541
2012-05-22,16.840377807617188
2012-05-23,17.251277923583984
2012-05-24,17.09284210205078
2012-05-25,17.00122833251953
2012-05-29,17.302978515625
2012-05-30,17.511611938476562
2012-05-31,17.46807289123535
2012-06-01,16.961923599243164
2012-06-04,17.06170082092285
2012-06-05,17.017555236816406
2012-06-06,17.278488159179688
2012-06-07,17.286354064941406
2012-06-08,17.5463809967041
2012-06-11,17.26972007751465
2012-06-12,17.420602798461914
2012-06-13,17.29966163635254
2012-06-14,17.280609130859375
2012-06-15,17.359222412109375
2012-06-18,17.711462020874023
2012-06-19,17.760753631591797
2012-06-20,17.710250854492188
2012-06-21,17.46625518798828
2012-06-22,17.600194931030273
2012-06-25,17.257627487182617
2012-06-26,17.295726776123047
2012-06-27,17.370405197143555
2012-06-28,17.20561981201172
2012-06-29,17.65764617919922
2012-07-02,17.91524887084961
2012-07-03,18.12357711791992
2012-07-05,18.44195938110352
2012-07-06,18.31920623779297
2012-07-09,18.561391830444336
2012-07-10,18.389650344848636
2012-07-11,18.27536392211914
2012-07-12,18.108163833618164
2012-07-13,18.29168510437012
2012-07-16,18.3503475189209
2012-07-17,18.351253509521484
2012-07-18,18.33069229125977
2012-07-19,18.57439422607422
2012-07-20,18.271432876586918
2012-07-23,18.257219314575195
2012-07-24,18.16923713684082
2012-07-25,17.38462257385254
2012-07-26,17.381893157958984
2012-07-27,17.692718505859375
2012-07-30,17.99114418029785
2012-07-31,18.466758728027344
2012-08-01,18.347320556640625
2012-08-02,18.37694931030273
2012-08-03,18.61611557006836
2012-08-06,18.82323455810547
2012-08-07,18.77364921569824
2012-08-08,18.74189758300781
2012-08-09,18.848787307739254
2012-08-10,18.87824249267578
2012-08-13,19.130273818969727
2012-08-14,19.181589126586918
2012-08-15,19.15547752380371
2012-08-16,19.32278823852539
2012-08-17,19.68019676208496
2012-08-20,20.19762420654297
2012-08-21,19.921594619750977
2012-08-22,20.31057357788086
2012-08-23,20.12110137939453
2012-08-24,20.139013290405277
2012-08-27,20.51736640930176
2012-08-28,20.490646362304688
2012-08-29,20.45026588439941
2012-08-30,20.15874481201172
2012-08-31,20.20035743713379
2012-09-04,20.49580955505371
2012-09-05,20.35187339782715
2012-09-06,20.53528594970703
2012-09-07,20.661911010742188
2012-09-10,20.12443733215332
2012-09-11,20.059154510498047
2012-09-12,20.338520050048828
2012-09-13,20.739036560058597
2012-09-14,20.99106979370117
2012-09-17,21.24917984008789
2012-09-18,21.313861846923828
2012-09-19,21.31962776184082
2012-09-20,21.216388702392575
2012-09-21,21.258588790893555
2012-09-24,20.9761905670166
2012-09-25,20.4523868560791
2012-09-26,20.198530197143555
2012-09-27,20.688629150390625
2012-09-28,20.2568359375
2012-10-01,20.02271270751953
2012-10-02,20.08101272583008
2012-10-03,20.38892364501953
2012-10-04,20.24771881103516
2012-10-05,19.816225051879883
2012-10-08,19.378360748291016
2012-10-09,19.30791664123535
2012-10-10,19.46156120300293
2012-10-11,19.07257461547852
2012-10-12,19.12146377563477
2012-10-15,19.274816513061523
2012-10-16,19.731203079223636
2012-10-17,19.57391166687012
2012-10-18,19.210432052612305
2012-10-19,18.518104553222656
2012-10-22,19.25264358520508
2012-10-23,18.6249942779541
2012-10-24,18.730358123779297
2012-10-25,18.508989334106445
2012-10-26,18.34076499938965
2012-10-31,18.07719612121582
2012-11-01,18.11424446105957
2012-11-02,17.51483154296875
2012-11-05,17.75228500366211
2012-11-06,17.69854164123535
2012-11-07,17.021345138549805
2012-11-08,16.40363883972168
2012-11-09,16.687631607055664
2012-11-12,16.55859375
2012-11-13,16.560728073120117
2012-11-14,16.377094268798828
2012-11-15,16.03361701965332
2012-11-16,16.096460342407227
2012-11-19,17.257144927978516
2012-11-20,17.110111236572266
2012-11-21,17.134214401245117
2012-11-23,17.433151245117188
2012-11-26,17.98314666748047
2012-11-27,17.83824920654297
2012-11-28,17.782121658325195
2012-11-29,17.977964401245117
2012-11-30,17.853498458862305
2012-12-03,17.881254196166992
2012-12-04,17.565845489501953
2012-12-05,16.43535614013672
2012-12-06,16.69312286376953
2012-12-07,16.266366958618164
2012-12-10,16.1617374420166
2012-12-11,16.51467514038086
2012-12-12,16.441762924194336
2012-12-13,16.15777015686035
2012-12-14,15.550739288330078
2012-12-17,15.826498031616213
2012-12-18,16.28620147705078
2012-12-19,16.054668426513672
2012-12-20,15.914957046508787
2012-12-21,15.841748237609863
2012-12-24,15.86737060546875
2012-12-26,15.648652076721191
2012-12-27,15.711493492126465
2012-12-28,15.544634819030762
2012-12-31,16.233423233032227
2013-01-02,16.747716903686523
2013-01-03,16.536327362060547
2013-01-04,16.07571792602539
2013-01-07,15.981158256530762
2013-01-08,16.02416229248047
2013-01-09,15.773724555969238
2013-01-10,15.969256401062012
2013-01-11,15.871336936950684
2013-01-14,15.305485725402832
2013-01-15,14.822602272033691
2013-01-16,15.437873840332031
2013-01-17,15.333847999572754
2013-01-18,15.252103805541992
2013-01-22,15.397608757019045
2013-01-23,15.679471969604492
2013-01-24,13.742145538330078
2013-01-25,13.418190002441406
2013-01-28,13.721705436706545
2013-01-29,13.979162216186523
2013-01-30,13.935236930847168
2013-01-31,13.894357681274414
2013-02-01,13.837315559387209
2013-02-04,13.492618560791016
2013-02-05,13.966046333312988
2013-02-06,13.951098442077637
2013-02-07,14.365922927856444
2013-02-08,14.57332706451416
2013-02-11,14.725204467773438
2013-02-12,14.356101989746094
2013-02-13,14.328795433044434
2013-02-14,14.31590747833252
2013-02-15,14.118624687194824
2013-02-19,14.113404273986816
2013-02-20,13.771608352661133
2013-02-21,13.686009407043455
2013-02-22,13.831746101379396
2013-02-25,13.585982322692873
2013-02-26,13.775288581848145
2013-02-27,13.640287399291992
2013-02-28,13.54302978515625
2013-03-01,13.207674026489258
2013-03-04,12.887969970703123
2013-03-05,13.228232383728027
2013-03-06,13.060094833374023
2013-03-07,13.211050033569336
2013-03-08,13.246026992797852
2013-03-11,13.434720993041992
2013-03-12,13.145078659057615
2013-03-13,13.142629623413086
2013-03-14,13.269957542419434
2013-03-15,13.612367630004885
2013-03-18,13.982394218444824
2013-03-19,13.944657325744627
2013-03-20,13.870713233947754
2013-03-21,13.890652656555176
2013-03-22,14.172317504882812
2013-03-25,14.223557472229004
2013-03-26,14.148689270019531
2013-03-27,13.870713233947754
2013-03-28,13.581685066223145
2013-04-01,13.159810066223145
2013-04-02,13.186807632446287
2013-04-03,13.25430965423584
2013-04-04,13.123300552368164
2013-04-05,12.984617233276367
2013-04-08,13.076971054077148
2013-04-09,13.100593566894531
2013-04-10,13.367834091186523
2013-04-11,13.3261079788208
2013-04-12,13.187119483947754
2013-04-15,12.88183307647705
2013-04-16,13.077887535095217
2013-04-17,12.358702659606934
2013-04-18,12.028871536254885
2013-04-19,11.982234954833984
2013-04-22,12.231985092163086
2013-04-23,12.460872650146484
2013-04-24,12.44032096862793
2013-04-25,12.529906272888184
2013-04-26,12.800522804260254
2013-04-29,13.19693660736084
2013-04-30,13.585370063781738
2013-05-01,13.478288650512695
2013-05-02,13.669438362121582
2013-05-03,13.806283950805664
2013-05-06,14.135497093200684
2013-05-07,14.072601318359377
2013-05-08,14.231531143188477
2013-05-09,14.107378959655762
2013-05-10,13.990010261535645
2013-05-13,14.04467487335205
2013-05-14,13.70864963531494
2013-05-15,13.245062828063965
2013-05-16,13.422032356262209
2013-05-17,13.381266593933104
2013-05-20,13.679925918579102
2013-05-21,13.578930854797363
2013-05-22,13.631126403808594
2013-05-23,13.655523300170898
2013-05-24,13.748494148254396
2013-05-28,13.633905410766602
2013-05-29,13.742313385009766
2013-05-30,13.947080612182615
2013-05-31,13.889945030212402
2013-06-03,13.920516967773438
2013-06-04,13.876971244812012
2013-06-05,13.747254371643066
2013-06-06,13.541865348815918
2013-06-07,13.645334243774414
2013-06-10,13.555148124694824
2013-06-11,13.51530647277832
2013-06-12,13.348215103149414
2013-06-13,13.4646577835083
2013-06-14,13.282124519348145
2013-06-17,13.34235382080078
2013-06-18,13.335248947143556
2013-06-19,13.064388275146484
2013-06-20,12.87413215637207
2013-06-21,12.770976066589355
2013-06-24,12.43247890472412
2013-06-25,12.435256958007812
2013-06-26,12.294416427612305
2013-06-27,12.1619234085083
2013-06-28,12.24685764312744
2013-07-01,12.638788223266602
2013-07-02,12.925091743469238
2013-07-03,12.99643611907959
2013-07-05,12.892047882080078
2013-07-08,12.81884765625
2013-07-09,13.04430866241455
2013-07-10,12.994274139404297
2013-07-11,13.196880340576172
2013-07-12,13.17279052734375
2013-07-15,13.201515197753906
2013-07-16,13.286757469177246
2013-07-17,13.290155410766602
2013-07-18,13.33493709564209
2013-07-19,13.124611854553224
2013-07-22,13.166616439819336
2013-07-23,12.940536499023438
2013-07-24,13.605182647705078
2013-07-25,13.543105125427246
2013-07-26,13.620007514953612
2013-07-29,13.830028533935549
2013-07-30,14.000819206237791
2013-07-31,13.976422309875488
2013-08-01,14.104595184326172
2013-08-02,14.2855806350708
2013-08-05,14.499001502990724
2013-08-06,14.36927604675293
2013-08-07,14.360939979553224
2013-08-08,14.332340240478516
2013-08-09,14.128396034240724
2013-08-12,14.529751777648926
2013-08-13,15.220239639282228
2013-08-14,15.497865676879885
2013-08-15,15.47952365875244
2013-08-16,15.616937637329102
2013-08-19,15.785122871398926
2013-08-20,15.577767372131348
2013-08-21,15.617870330810549
2013-08-22,15.636515617370604
2013-08-23,15.576210975646973
2013-08-26,15.636831283569336
2013-08-27,15.189773559570312
2013-08-28,15.261590003967283
2013-08-29,15.286458015441896
2013-08-30,15.147180557250977
2013-09-03,15.189458847045898
2013-09-04,15.503767013549805
2013-09-05,15.397442817687988
2013-09-06,15.489161491394045
2013-09-09,15.736323356628418
2013-09-10,15.377866744995115
2013-09-11,14.540637016296388
2013-09-12,14.695456504821776
2013-09-13,14.45327377319336
2013-09-16,13.993781089782717
2013-09-17,14.155442237854004
2013-09-18,14.446434020996094
2013-09-19,14.683334350585938
2013-09-20,14.531312942504885
2013-09-23,15.25350856781006
2013-09-24,15.205629348754885
2013-09-25,14.97028350830078
2013-09-26,15.11609172821045
2013-09-27,15.008213996887209
2013-09-30,14.82167625427246
2013-10-01,15.170186042785645
2013-10-02,15.219929695129396
2013-10-03,15.028732299804688
2013-10-04,15.01692008972168
2013-10-07,15.163661003112791
2013-10-08,14.951946258544922
2013-10-09,15.127593040466309
2013-10-10,15.222412109375
2013-10-11,15.32097053527832
2013-10-14,15.421382904052734
2013-10-15,15.503463745117188
2013-10-16,15.579010009765623
2013-10-17,15.684404373168944
2013-10-18,15.820876121520996
2013-10-21,16.208560943603516
2013-10-22,16.1622371673584
2013-10-23,16.320486068725586
2013-10-24,16.536544799804688
2013-10-25,16.351566314697266
2013-10-28,16.473434448242188
2013-10-29,16.063060760498047
2013-10-30,16.318614959716797
2013-10-31,16.25021743774414
2013-11-01,16.16721534729004
2013-11-04,16.376131057739258
2013-11-05,16.335716247558594
2013-11-06,16.289440155029297
2013-11-07,16.025815963745117
2013-11-08,16.278173446655273
2013-11-11,16.23095703125
2013-11-12,16.26097297668457
2013-11-13,16.280366897583008
2013-11-14,16.51582908630371
2013-11-15,16.416704177856445
2013-11-18,16.217823028564453
2013-11-19,16.246597290039062
2013-11-20,16.104305267333984
2013-11-21,16.29631996154785
2013-11-22,16.25440788269043
2013-11-25,16.37761688232422
2013-11-26,16.679691314697266
2013-11-27,17.072450637817383
2013-11-29,17.388595581054688
2013-12-02,17.23724365234375
2013-12-03,17.70911407470703
2013-12-04,17.6678409576416
2013-12-05,17.75852394104004
2013-12-06,17.512113571166992
2013-12-09,17.71255111694336
2013-12-10,17.68503761291504
2013-12-11,17.554012298583984
2013-12-12,17.528377532958984
2013-12-13,17.33730697631836
2013-12-16,17.433307647705078
2013-12-17,17.354825973510742
2013-12-18,17.22286033630371
2013-12-19,17.025541305541992
2013-12-20,17.168134689331055
2013-12-23,17.827003479003906
2013-12-24,17.75133514404297
2013-12-26,17.63343620300293
2013-12-27,17.51430320739746
2013-12-30,17.340126037597656
2013-12-31,17.54338836669922
2014-01-02,17.296655654907227
2014-01-03,16.91671371459961
2014-01-06,17.008970260620117
2014-01-07,16.887325286865234
2014-01-08,16.994277954101562
2014-01-09,16.777265548706055
2014-01-10,16.665306091308594
2014-01-13,16.752548217773438
2014-01-14,17.085895538330078
2014-01-15,17.428932189941406
2014-01-16,17.33167839050293
2014-01-17,16.90702247619629
2014-01-21,17.169696807861328
2014-01-22,17.246000289916992
2014-01-23,17.39202880859375
2014-01-24,17.07588768005371
2014-01-27,17.214412689208984
2014-01-28,15.838509559631348
2014-01-29,15.65871524810791
2014-01-30,15.628376960754396
2014-01-31,15.654013633728027
2014-02-03,15.683096885681152
2014-02-04,15.910122871398926
2014-02-05,16.028947830200195
2014-02-06,16.122385025024414
2014-02-07,16.347930908203125
2014-02-10,16.64080810546875
2014-02-11,16.860071182250977
2014-02-12,16.858808517456055
2014-02-13,17.126510620117188
2014-02-14,17.112668991088867
2014-02-18,17.175582885742188
2014-02-19,16.9044132232666
2014-02-20,16.70874786376953
2014-02-21,16.523151397705078
2014-02-24,16.595504760742188
2014-02-25,16.422807693481445
2014-02-26,16.274635314941406
2014-02-27,16.599279403686523
2014-02-28,16.554290771484375
2014-03-03,16.60211181640625
2014-03-04,16.71158218383789
2014-03-05,16.7468204498291
2014-03-06,16.6961669921875
2014-03-07,16.686418533325195
2014-03-10,16.70151710510254
2014-03-11,16.864154815673828
2014-03-12,16.880508422851562
2014-03-13,16.693029403686523
2014-03-14,16.50553321838379
2014-03-17,16.570024490356445
2014-03-18,16.716617584228516
2014-03-19,16.71221160888672
2014-03-20,16.63167953491211
2014-03-21,16.76285743713379
2014-03-24,16.961679458618164
2014-03-25,17.14412498474121
2014-03-26,16.98023223876953
2014-03-27,16.907245635986328
2014-03-28,16.88837242126465
2014-03-31,16.88460350036621
2014-04-01,17.039051055908203
2014-04-02,17.067365646362305
2014-04-03,16.94908905029297
2014-04-04,16.729825973510742
2014-04-07,16.46715545654297
2014-04-08,16.466217041015625
2014-04-09,16.68264389038086
2014-04-10,16.467470169067383
2014-04-11,16.345733642578125
2014-04-14,16.41084861755371
2014-04-15,16.293827056884766
2014-04-16,16.326852798461914
2014-04-17,16.513402938842773
2014-04-21,16.709383010864258
2014-04-22,16.72605323791504
2014-04-23,16.507429122924805
2014-04-24,17.860733032226562
2014-04-25,17.991907119750977
2014-04-28,18.688695907592773
2014-04-29,18.63333320617676
2014-04-30,18.5628662109375
2014-05-01,18.606597900390625
2014-05-02,18.64119529724121
2014-05-05,18.904809951782227
2014-05-06,18.698768615722656
2014-05-07,18.63333320617676
2014-05-08,18.60011863708496
2014-05-09,18.522615432739254
2014-05-12,18.75322914123535
2014-05-13,18.78263664245605
2014-05-14,18.78612518310547
2014-05-15,18.626375198364254
2014-05-16,18.901269912719727
2014-05-19,19.125232696533203
2014-05-20,19.129024505615234
2014-05-21,19.179643630981445
2014-05-22,19.21001243591309
2014-05-23,19.427011489868164
2014-05-27,19.790796279907227
2014-05-28,19.73955726623535
2014-05-29,20.099225997924805
2014-05-30,20.02393341064453
2014-06-02,19.886327743530277
2014-06-03,20.16754913330078
2014-06-04,20.39784812927246
2014-06-05,20.47787857055664
2014-06-06,20.42156982421875
2014-06-09,20.74834251403809
2014-06-10,20.8701229095459
2014-06-11,20.783769607543945
2014-06-12,20.43612289428711
2014-06-13,20.212474822998047
2014-06-16,20.41619300842285
2014-06-17,20.38962173461914
2014-06-18,20.411766052246094
2014-06-19,20.340896606445312
2014-06-20,20.130535125732425
2014-06-23,20.112831115722656
2014-06-24,19.99103736877441
2014-06-25,20.00875473022461
2014-06-26,20.128328323364254
2014-06-27,20.36747169494629
2014-06-30,20.577836990356445
2014-07-01,20.708477020263672
2014-07-02,20.69962501525879
2014-07-03,20.82141494750977
2014-07-07,21.25099754333496
2014-07-08,21.11370849609375
2014-07-09,21.1225643157959
2014-07-10,21.045063018798828
2014-07-11,21.084924697875977
2014-07-14,21.35728454589844
2014-07-15,21.10706901550293
2014-07-16,20.987491607666016
2014-07-17,20.613269805908203
2014-07-18,20.90998268127441
2014-07-21,20.80148696899414
2014-07-22,20.97420310974121
2014-07-23,21.521150588989254
2014-07-24,21.48572158813477
2014-07-25,21.6274356842041
2014-07-28,21.92637252807617
2014-07-29,21.784645080566406
2014-07-30,21.73371696472168
2014-07-31,21.169069290161133
2014-08-01,21.286426544189453
2014-08-04,21.16684913635254
2014-08-05,21.06278419494629
2014-08-06,21.027347564697266
2014-08-07,21.025121688842773
2014-08-08,21.082979202270508
2014-08-11,21.36114883422852
2014-08-12,21.35670280456543
2014-08-13,21.639318466186523
2014-08-14,21.697174072265625
2014-08-15,21.80399513244629
2014-08-18,22.06658363342285
2014-08-19,22.3714599609375
2014-08-20,22.3803653717041
2014-08-21,22.382587432861328
2014-08-22,22.54726219177246
2014-08-25,22.59622383117676
2014-08-26,22.45157241821289
2014-08-27,22.727514266967773
2014-08-28,22.75422477722168
2014-08-29,22.80985641479492
2014-09-02,22.987882614135746
2014-09-03,22.01762962341309
2014-09-04,21.83515167236328
2014-09-05,22.02429962158203
2014-09-08,21.88856315612793
2014-09-09,21.80622291564941
2014-09-10,22.476049423217773
2014-09-11,22.571741104125977
2014-09-12,22.622922897338867
2014-09-15,22.61625099182129
2014-09-16,22.444896697998047
2014-09-17,22.60512351989746
2014-09-18,22.65185546875
2014-09-19,22.46715545654297
2014-09-22,22.48940658569336
2014-09-23,22.841007232666016
2014-09-24,22.642953872680664
2014-09-25,21.77952003479004
2014-09-26,22.42041778564453
2014-09-29,22.27799224853516
2014-09-30,22.42041778564453
2014-10-01,22.07103538513184
2014-10-02,22.23126602172852
2014-10-03,22.168954849243164
2014-10-06,22.168954849243164
2014-10-07,21.9753532409668
2014-10-08,22.431541442871094
2014-10-09,22.48049736022949
2014-10-10,22.41596794128418
2014-10-13,22.21123504638672
2014-10-14,21.9753532409668
2014-10-15,21.706079483032227
2014-10-16,21.421241760253903
2014-10-17,21.73501205444336
2014-10-20,22.20010757446289
2014-10-21,22.80318260192871
2014-10-22,22.918893814086918
2014-10-23,23.32836151123047
2014-10-24,23.4151554107666
2014-10-27,23.39067268371582
2014-10-28,23.753406524658203
2014-10-29,23.886926651000977
2014-10-30,23.80681037902832
2014-10-31,24.03379821777344
2014-11-03,24.345348358154297
2014-11-04,24.167325973510746
2014-11-05,24.225181579589844
2014-11-06,24.294464111328125
2014-11-07,24.363754272460938
2014-11-10,24.32351875305176
2014-11-11,24.517963409423828
2014-11-12,24.864389419555664
2014-11-13,25.215282440185547
2014-11-14,25.51924705505371
2014-11-17,25.476783752441406
2014-11-18,25.807559967041016
2014-11-19,25.62875366210937
2014-11-20,25.99530029296875
2014-11-21,26.03105354309082
2014-11-24,26.513816833496094
2014-11-25,26.28361320495605
2014-11-26,26.596513748168945
2014-11-28,26.58087158203125
2014-12-01,25.71816062927246
2014-12-02,25.61981773376465
2014-12-03,25.91036605834961
2014-12-04,25.812026977539062
2014-12-05,25.7025146484375
2014-12-08,25.121416091918945
2014-12-09,25.50583839416504
2014-12-10,25.02084350585937
2014-12-11,24.94708633422852
2014-12-12,24.52466583251953
2014-12-15,24.18942070007324
2014-12-16,23.858640670776367
2014-12-17,24.45314598083496
2014-12-18,25.177284240722656
2014-12-19,24.98284339904785
2014-12-22,25.24210548400879
2014-12-23,25.1527042388916
2014-12-24,25.03424835205078
2014-12-26,25.476783752441406
2014-12-29,25.458898544311523
2014-12-30,25.14823532104492
2014-12-31,24.669944763183597
2015-01-02,24.43526840209961
2015-01-05,23.746889114379883
2015-01-06,23.749122619628903
2015-01-07,24.08213424682617
2015-01-08,25.00742721557617
2015-01-09,25.03424835205078
2015-01-12,24.417390823364254
2015-01-13,24.634185791015625
2015-01-14,24.54030990600586
2015-01-15,23.874282836914062
2015-01-16,23.68877410888672
2015-01-20,24.29893493652344
2015-01-21,24.48443603515625
2015-01-22,25.121416091918945
2015-01-23,25.25104331970215
2015-01-26,25.27786445617676
2015-01-27,24.392805099487305
2015-01-28,25.77179908752441
2015-01-29,26.574167251586918
2015-01-30,26.18527603149414
2015-02-02,26.513816833496094
2015-02-03,26.518293380737305
2015-02-04,26.72167015075684
2015-02-05,26.912403106689453
2015-02-06,26.685771942138672
2015-02-09,26.863039016723636
2015-02-10,27.37911605834961
2015-02-11,28.020845413208008
2015-02-12,28.3753719329834
2015-02-13,28.514493942260746
2015-02-17,28.68277359008789
2015-02-18,28.882471084594727
2015-02-19,28.82189178466797
2015-02-20,29.057491302490234
2015-02-23,29.842832565307617
2015-02-24,29.656587600708008
2015-02-25,28.8981876373291
2015-02-26,29.26392364501953
2015-02-27,28.824142456054688
2015-03-02,28.96549797058105
2015-03-03,29.026084899902344
2015-03-04,28.84208297729492
2015-03-05,28.36415672302246
2015-03-06,28.40678596496582
2015-03-09,28.52794647216797
2015-03-10,27.93782615661621
2015-03-11,27.42848014831543
2015-03-12,27.924365997314453
2015-03-13,27.731395721435547
2015-03-16,28.03655815124512
2015-03-17,28.505517959594727
2015-03-18,28.82638359069824
2015-03-19,28.60872840881348
2015-03-20,28.249719619750977
2015-03-23,28.54366111755371
2015-03-24,28.426979064941406
2015-03-25,27.684276580810547
2015-03-26,27.877241134643555
2015-03-27,27.655105590820312
2015-03-30,28.35517120361328
2015-03-31,27.91987991333008
2015-04-01,27.879484176635746
2015-04-02,28.119579315185547
2015-04-06,28.575071334838867
2015-04-07,28.27440071105957
2015-04-08,28.182403564453125
2015-04-09,28.39781188964844
2015-04-10,28.518978118896484
2015-04-13,28.46288299560547
2015-04-14,28.33946990966797
2015-04-15,28.447179794311523
2015-04-16,28.310304641723636
2015-04-17,27.99167823791504
2015-04-20,28.63116836547852
2015-04-21,28.476348876953125
2015-04-22,28.86003303527832
2015-04-23,29.095638275146484
2015-04-24,29.232519149780277
2015-04-27,29.76429748535156
2015-04-28,29.29532814025879
2015-04-29,28.86452865600586
2015-04-30,28.081432342529297
2015-05-01,28.9340877532959
2015-05-04,28.877988815307617
2015-05-05,28.227283477783203
2015-05-06,28.05002212524414
2015-05-07,28.22351455688477
2015-05-08,28.75527000427246
2015-05-11,28.46234703063965
2015-05-12,28.360960006713867
2015-05-13,28.39250946044922
2015-05-14,29.05494499206543
2015-05-15,29.014389038085938
2015-05-18,29.3343448638916
2015-05-19,29.307302474975582
2015-05-20,29.30504608154297
2015-05-21,29.60472297668457
2015-05-22,29.86383628845215
2015-05-26,29.205909729003903
2015-05-27,29.751176834106445
2015-05-28,29.692596435546875
2015-05-29,29.354623794555664
2015-06-01,29.413204193115234
2015-06-02,29.282516479492188
2015-06-03,29.318559646606445
2015-06-04,29.147327423095703
2015-06-05,28.98734664916992
2015-06-08,28.795825958251957
2015-06-09,28.710206985473636
2015-06-10,29.03916931152344
2015-06-11,28.973825454711918
2015-06-12,28.65387725830078
2015-06-15,28.597545623779297
2015-06-16,28.75076484680176
2015-06-17,28.683168411254883
2015-06-18,28.81385040283203
2015-06-19,28.52544212341309
2015-06-22,28.75301742553711
2015-06-23,28.62233543395996
2015-06-24,28.865671157836918
2015-06-25,28.72823143005371
2015-06-26,28.55923843383789
2015-06-29,28.059030532836918
2015-06-30,28.261816024780277
2015-07-01,28.52544212341309
2015-07-02,28.48938751220703
2015-07-06,28.390256881713867
2015-07-07,28.32040405273437
2015-07-08,27.61741065979004
2015-07-09,27.054109573364254
2015-07-10,27.777381896972656
2015-07-13,28.313644409179688
2015-07-14,28.302379608154297
2015-07-15,28.57501792907715
2015-07-16,28.95580101013184
2015-07-17,29.205909729003903
2015-07-20,29.75794219970703
2015-07-21,29.46051788330078
2015-07-22,28.214500427246094
2015-07-23,28.20098304748535
2015-07-24,28.05227470397949
2015-07-27,27.662466049194336
2015-07-28,27.79991149902344
2015-07-29,27.7120361328125
2015-07-30,27.572338104248047
2015-07-31,27.33125305175781
2015-08-03,26.68683815002441
2015-08-04,25.83062171936035
2015-08-05,26.001863479614254
2015-08-06,26.05845260620117
2015-08-07,26.1467227935791
2015-08-10,27.09734916687012
2015-08-11,25.687255859375
2015-08-12,26.083351135253903
2015-08-13,26.062971115112305
2015-08-14,26.246315002441406
2015-08-17,26.51791763305664
2015-08-18,26.3685359954834
2015-08-19,26.031288146972656
2015-08-20,25.49712562561035
2015-08-21,23.937658309936523
2015-08-24,23.34011459350586
2015-08-25,23.48044204711914
2015-08-26,24.82716560363769
2015-08-27,25.558237075805664
2015-08-28,25.641986846923828
2015-08-31,25.52202606201172
2015-09-01,24.381271362304688
2015-09-02,25.426965713500977
2015-09-03,24.981077194213867
2015-09-04,24.732105255126957
2015-09-08,25.420166015625
2015-09-09,24.9312744140625
2015-09-10,25.479019165039062
2015-09-11,25.8502197265625
2015-09-14,26.09918785095215
2015-09-15,26.318735122680664
2015-09-16,26.348167419433597
2015-09-17,25.784582138061523
2015-09-18,25.67820167541504
2015-09-21,26.07655334472656
2015-09-22,25.666887283325195
2015-09-23,25.8751163482666
2015-09-24,26.02902603149414
2015-09-25,25.9633846282959
2015-09-28,25.44959259033203
2015-09-29,24.684568405151367
2015-09-30,24.965232849121094
2015-10-01,24.802265167236328
2015-10-02,24.98333740234375
2015-10-05,25.07387351989746
2015-10-06,25.193830490112305
2015-10-07,25.07387351989746
2015-10-08,24.784162521362305
2015-10-09,25.377174377441406
2015-10-12,25.25947380065918
2015-10-13,25.302474975585938
2015-10-14,24.94485664367676
2015-10-15,25.318323135375977
2015-10-16,25.132719039916992
2015-10-19,25.288902282714844
2015-10-20,25.750621795654297
2015-10-21,25.74836540222168
2015-10-22,26.14219284057617
2015-10-23,26.95248794555664
2015-10-26,26.092397689819336
2015-10-27,25.927175521850582
2015-10-28,26.9954891204834
2015-10-29,27.28068351745605
2015-10-30,27.047550201416016
2015-11-02,27.42779922485352
2015-11-03,27.742416381835938
2015-11-04,27.613401412963867
2015-11-05,27.486106872558597
2015-11-06,27.51792907714844
2015-11-09,27.406553268432617
2015-11-10,26.54277229309082
2015-11-11,26.392751693725582
2015-11-12,26.304107666015625
2015-11-13,25.535802841186523
2015-11-16,25.954051971435547
2015-11-17,25.842668533325195
2015-11-18,26.66097450256348
2015-11-19,26.99966812133789
2015-11-20,27.11787223815918
2015-11-23,26.76554298400879
2015-11-24,27.02239227294922
2015-11-25,26.82918739318848
2015-11-27,26.779172897338867
2015-11-30,26.89056205749512
2015-12-01,26.672344207763672
2015-12-02,26.43139266967773
2015-12-03,26.1859073638916
2015-12-04,27.05649948120117
2015-12-07,26.88600730895996
2015-12-08,26.874643325805664
2015-12-09,26.281368255615234
2015-12-10,26.406391143798828
2015-12-11,25.72674560546875
2015-12-14,25.567628860473636
2015-12-15,25.11528205871582
2015-12-16,25.308496475219727
2015-12-17,24.77204322814941
2015-12-18,24.10148811340332
2015-12-21,24.396987915039062
2015-12-22,24.37425994873047
2015-12-23,24.68794631958008
2015-12-24,24.556102752685547
2015-12-28,24.28106117248535
2015-12-29,24.71748924255371
2015-12-30,24.39472007751465
2015-12-31,23.92646026611328
2016-01-04,23.946918487548828
2016-01-05,23.346826553344727
2016-01-06,22.88993453979492
2016-01-07,21.92387962341309
2016-01-08,22.03980255126953
2016-01-11,22.39667510986328
2016-01-12,22.721729278564453
2016-01-13,22.137550354003903
2016-01-14,22.621715545654297
2016-01-15,22.078447341918945
2016-01-19,21.97161293029785
2016-01-20,22.00115966796875
2016-01-21,21.88978385925293
2016-01-22,23.05360221862793
2016-01-25,22.603530883789062
2016-01-26,22.72854232788086
2016-01-27,21.235132217407227
2016-01-28,21.38742446899414
2016-01-29,22.126176834106445
2016-02-01,21.919334411621094
2016-02-02,21.476076126098636
2016-02-03,21.901145935058597
2016-02-04,22.07712173461914
2016-02-05,21.48748207092285
2016-02-08,21.713741302490234
2016-02-09,21.70916748046875
2016-02-10,21.544618606567383
2016-02-11,21.41434860229492
2016-02-12,21.48062896728516
2016-02-16,22.08626365661621
2016-02-17,22.42450523376465
2016-02-18,21.99941635131836
2016-02-19,21.949138641357425
2016-02-22,22.141111373901367
2016-02-23,21.640602111816406
2016-02-24,21.96284866333008
2016-02-25,22.11368751525879
2016-02-26,22.147968292236328
2016-02-29,22.09768867492676
2016-03-01,22.97528648376465
2016-03-02,23.02556800842285
2016-03-03,23.19697380065918
2016-03-04,23.542070388793945
2016-03-07,23.281539916992188
2016-03-08,23.089561462402344
2016-03-09,23.11012840270996
2016-03-10,23.12155532836914
2016-03-11,23.37066650390625
2016-03-14,23.43009185791016
2016-03-15,23.900880813598636
2016-03-16,24.21855926513672
2016-03-17,24.17970466613769
2016-03-18,24.20712661743164
2016-03-21,24.204843521118164
2016-03-22,24.38996315002441
2016-03-23,24.255125045776367
2016-03-24,24.149991989135746
2016-03-28,24.040285110473636
2016-03-29,24.60936164855957
2016-03-30,25.03902244567871
2016-03-31,24.908750534057617
2016-04-01,25.13729286193848
2016-04-04,25.39554214477539
2016-04-05,25.09615707397461
2016-04-06,25.35898780822754
2016-04-07,24.805906295776367
2016-04-08,24.83333396911621
2016-04-11,24.915607452392575
2016-04-12,25.240142822265625
2016-04-13,25.60580444335937
2016-04-14,25.61952018737793
2016-04-15,25.10529518127441
2016-04-18,24.563650131225582
2016-04-19,24.43338966369629
2016-04-20,24.483667373657227
2016-04-21,24.21855926513672
2016-04-22,24.15227508544922
2016-04-25,24.01515007019043
2016-04-26,23.848318099975582
2016-04-27,22.355941772460938
2016-04-28,21.672607421875
2016-04-29,21.423486709594727
2016-05-02,21.400634765625
2016-05-03,21.752593994140625
2016-05-04,21.526342391967773
2016-05-05,21.438962936401367
2016-05-06,21.319398880004883
2016-05-09,21.33549118041992
2016-05-10,21.4803466796875
2016-05-11,21.27111053466797
2016-05-12,20.77215385437012
2016-05-13,20.81353759765625
2016-05-16,21.58611869812012
2016-05-17,21.49644088745117
2016-05-18,21.74247360229492
2016-05-19,21.65969657897949
2016-05-20,21.894229888916016
2016-05-23,22.17245483398437
2016-05-24,22.51045227050781
2016-05-25,22.905933380126957
2016-05-26,23.08758354187012
2016-05-27,23.07378578186035
2016-05-31,22.96111869812012
2016-06-01,22.63920783996582
2016-06-02,22.46906280517578
2016-06-03,22.51504898071289
2016-06-06,22.678302764892575
2016-06-07,22.77027702331543
2016-06-08,22.749584197998047
2016-06-09,22.91283798217773
2016-06-10,22.72428703308105
2016-06-13,22.38168334960937
2016-06-14,22.409276962280277
2016-06-15,22.3356990814209
2016-06-16,22.42997360229492
2016-06-17,21.91951942443848
2016-06-20,21.86663627624512
2016-06-21,22.052888870239254
2016-06-22,21.97010803222656
2016-06-23,22.096569061279297
2016-06-24,21.475753784179688
2016-06-27,21.16304016113281
2016-06-28,21.519433975219727
2016-06-29,21.705686569213867
2016-06-30,21.98160171508789
2016-07-01,22.048282623291016
2016-07-05,21.84134292602539
2016-07-06,21.965511322021484
2016-07-07,22.059783935546875
2016-07-08,22.22993469238281
2016-07-11,22.298912048339844
2016-07-12,22.400081634521484
2016-07-13,22.27361488342285
2016-07-14,22.715089797973636
2016-07-15,22.71278953552246
2016-07-18,22.9542179107666
2016-07-19,22.96341323852539
2016-07-20,22.98411750793457
2016-07-21,22.862247467041016
2016-07-22,22.685203552246094
2016-07-25,22.38168334960937
2016-07-26,22.22763442993164
2016-07-27,23.671613693237305
2016-07-28,23.9912223815918
2016-07-29,23.96133041381836
2016-08-01,24.38440322875977
2016-08-02,24.02341079711914
2016-08-03,24.32461929321289
2016-08-04,24.47488594055176
2016-08-05,24.84708595275879
2016-08-08,25.05283546447754
2016-08-09,25.154556274414062
2016-08-10,24.967300415039062
2016-08-11,24.95111846923828
2016-08-12,25.0089054107666
2016-08-15,25.309444427490234
2016-08-16,25.28632354736328
2016-08-17,25.249340057373047
2016-08-18,25.21697425842285
2016-08-19,25.28170394897461
2016-08-22,25.0851993560791
2016-08-23,25.163795471191406
2016-08-24,24.974233627319336
2016-08-25,24.867891311645508
2016-08-26,24.722248077392575
2016-08-29,24.694507598876957
2016-08-30,24.504941940307617
2016-08-31,24.52806282043457
2016-09-01,24.673704147338867
2016-09-02,24.90488052368164
2016-09-06,24.89794540405273
2016-09-07,25.050525665283203
2016-09-08,24.39396858215332
2016-09-09,23.84145736694336
2016-09-12,24.37547874450684
2016-09-13,24.955738067626957
2016-09-14,25.83884620666504
2016-09-15,26.71732711791992
2016-09-16,26.56705474853516
2016-09-19,26.25727844238281
2016-09-20,26.254961013793945
2016-09-21,26.250341415405277
2016-09-22,26.497697830200195
2016-09-23,26.05615234375
2016-09-26,26.09544944763184
2016-09-27,26.143999099731445
2016-09-28,26.342809677124023
2016-09-29,25.933624267578125
2016-09-30,26.13475227355957
2016-10-03,26.012226104736328
2016-10-04,26.123193740844727
2016-10-05,26.13475227355957
2016-10-06,26.328937530517575
2016-10-07,26.368242263793945
2016-10-10,26.82828521728516
2016-10-11,26.886085510253903
2016-10-12,27.12650489807129
2016-10-13,27.04328727722168
2016-10-14,27.193544387817383
2016-10-17,27.175050735473636
2016-10-18,27.15656471252441
2016-10-19,27.07564926147461
2016-10-20,27.0617790222168
2016-10-21,26.955432891845703
2016-10-24,27.19817543029785
2016-10-25,27.336883544921875
2016-10-26,26.72194480895996
2016-10-27,26.46533966064453
2016-10-28,26.289640426635746
2016-10-31,26.248029708862305
2016-11-01,25.774110794067383
2016-11-02,25.79722785949707
2016-11-03,25.520715713500977
2016-11-04,25.29067039489746
2016-11-07,25.65549087524414
2016-11-08,25.80652236938477
2016-11-09,25.764698028564453
2016-11-10,25.046688079833984
2016-11-11,25.19539833068848
2016-11-14,24.56336212158203
2016-11-15,24.888681411743164
2016-11-16,25.557891845703125
2016-11-17,25.54860115051269
2016-11-18,25.574159622192383
2016-11-21,25.96220970153809
2016-11-22,25.97847557067871
2016-11-23,25.846025466918945
2016-11-25,25.976152420043945
2016-11-28,25.92502784729004
2016-11-29,25.899471282958984
2016-11-30,25.68104553222656
2016-12-01,25.441713333129883
2016-12-02,25.53697967529297
2016-12-05,25.35340881347656
2016-12-06,25.54860115051269
2016-12-07,25.79955291748047
2016-12-08,26.052833557128903
2016-12-09,26.47805976867676
2016-12-12,26.32703018188477
2016-12-13,26.766197204589844
2016-12-14,26.766197204589844
2016-12-15,26.912586212158203
2016-12-16,26.94744110107422
2016-12-19,27.10312271118164
2016-12-20,27.17515754699707
2016-12-21,27.20071601867676
2016-12-22,27.02179718017578
2016-12-23,27.075241088867188
2016-12-27,27.2471923828125
2016-12-28,27.131011962890625
2016-12-29,27.124038696289062
2016-12-30,26.912586212158203
2017-01-03,26.9892635345459
2017-01-04,26.95905876159668
2017-01-05,27.09614944458008
2017-01-06,27.39822578430176
2017-01-09,27.6491813659668
2017-01-10,27.67706871032715
2017-01-11,27.82577896118164
2017-01-12,27.709596633911133
2017-01-13,27.66080474853516
2017-01-17,27.88387680053711
2017-01-18,27.881547927856445
2017-01-19,27.8327579498291
2017-01-20,27.88387680053711
2017-01-23,27.902463912963867
2017-01-24,27.876901626586918
2017-01-25,28.32072257995605
2017-01-26,28.33466339111328
2017-01-27,28.336986541748047
2017-01-30,28.262630462646484
2017-01-31,28.197568893432617
2017-02-01,29.917070388793945
2017-02-02,29.86595344543457
2017-02-03,29.99375534057617
2017-02-06,30.27491569519043
2017-02-07,30.563051223754883
2017-02-08,30.68156242370605
2017-02-09,30.903261184692383
2017-02-10,30.8332462310791
2017-02-13,31.106290817260746
2017-02-14,31.51003074645996
2017-02-15,31.624380111694336
2017-02-16,31.587038040161133
2017-02-17,31.67339515686035
2017-02-21,31.902103424072266
2017-02-22,31.997772216796875
2017-02-23,31.862424850463867
2017-02-24,31.89275932312012
2017-02-27,31.95576286315918
2017-02-28,31.969783782958984
2017-03-01,32.62321090698242
2017-03-02,32.42951202392578
2017-03-03,32.62088394165039
2017-03-06,32.5181999206543
2017-03-07,32.56020736694336
2017-03-08,32.43886184692383
2017-03-09,32.36417388916016
2017-03-10,32.47153091430664
2017-03-13,32.48552322387695
2017-03-14,32.436519622802734
2017-03-15,32.77958297729492
2017-03-16,32.83326721191406
2017-03-17,32.669891357421875
2017-03-20,33.01296615600586
2017-03-21,32.63487243652344
2017-03-22,33.00361633300781
2017-03-23,32.88692092895508
2017-03-24,32.82158279418945
2017-03-27,32.87759780883789
2017-03-28,33.55903625488281
2017-03-29,33.633724212646484
2017-03-30,33.58938217163086
2017-03-31,33.5263671875
2017-04-03,33.53570556640625
2017-04-04,33.785423278808594
2017-04-05,33.61039352416992
2017-04-06,33.5263671875
2017-04-07,33.451690673828125
2017-04-10,33.41201400756836
2017-04-11,33.0526237487793
2017-04-12,33.092308044433594
2017-04-13,32.917266845703125
2017-04-17,33.09929275512695
2017-04-18,32.952274322509766
2017-04-19,32.83092498779297
2017-04-20,33.241668701171875
2017-04-21,33.20197677612305
2017-04-24,33.52170944213867
2017-04-25,33.72940444946289
2017-04-26,33.531036376953125
2017-04-27,33.55670547485352
2017-04-28,33.52404022216797
2017-05-01,34.20782852172852
2017-05-02,34.42485809326172
2017-05-03,34.31985092163086
2017-05-04,34.1961555480957
2017-05-05,34.76325607299805
2017-05-08,35.70841217041016
2017-05-09,35.9371223449707
2017-05-10,35.766746520996094
2017-05-11,36.07606887817383
2017-05-12,36.57989501953125
2017-05-15,36.48616409301758
2017-05-16,36.43226623535156
2017-05-17,35.209041595458984
2017-05-18,35.74566650390625
2017-05-19,35.86751174926758
2017-05-22,36.08544921875
2017-05-23,36.04092788696289
2017-05-24,35.933128356933594
2017-05-25,36.05732727050781
2017-05-26,35.99640274047852
2017-05-30,36.01046371459961
2017-05-31,35.797218322753906
2017-06-01,35.895633697509766
2017-06-02,36.427581787109375
2017-06-05,36.07139205932617
2017-06-06,36.19324493408203
2017-06-07,36.40883255004883
2017-06-08,36.31979370117188
2017-06-09,34.91143035888672
2017-06-12,34.07718276977539
2017-06-13,34.35136795043945
2017-06-14,34.016258239746094
2017-06-15,33.81239700317383
2017-06-16,33.33902359008789
2017-06-19,34.292781829833984
2017-06-20,33.98111343383789
2017-06-21,34.182647705078125
2017-06-22,34.12639617919922
2017-06-23,34.27870178222656
2017-06-26,34.17092514038086
2017-06-27,33.6811637878418
2017-06-28,34.173274993896484
2017-06-29,33.669437408447266
2017-06-30,33.74912643432617
2017-07-03,33.62726211547852
2017-07-05,33.76552200317383
2017-07-06,33.44681930541992
2017-07-07,33.786617279052734
2017-07-10,33.992828369140625
2017-07-11,34.102962493896484
2017-07-12,34.15217208862305
2017-07-13,34.627872467041016
2017-07-14,34.92548370361328
2017-07-17,35.047332763671875
2017-07-18,35.169189453125
2017-07-19,35.38947296142578
2017-07-20,35.23012161254883
2017-07-21,35.21372604370117
2017-07-24,35.64020919799805
2017-07-25,35.79252624511719
2017-07-26,35.96125030517578
2017-07-27,35.281673431396484
2017-07-28,35.03328323364258
2017-07-31,34.85283279418945
2017-08-01,35.162166595458984
2017-08-02,36.82360458374024
2017-08-03,36.455692291259766
2017-08-04,36.647857666015625
2017-08-07,37.21495819091797
2017-08-08,37.51255798339844
2017-08-09,37.74221420288086
2017-08-10,36.5400390625
2017-08-11,37.0482063293457
2017-08-14,37.60575866699219
2017-08-15,38.0174560546875
2017-08-16,37.86454391479492
2017-08-17,37.13759994506836
2017-08-18,37.05290985107422
2017-08-21,36.98468399047852
2017-08-22,37.58928680419922
2017-08-23,37.636348724365234
2017-08-24,37.46931457519531
2017-08-25,37.60812377929688
2017-08-28,37.98688125610352
2017-08-29,38.32563781738281
2017-08-30,38.429161071777344
2017-08-31,38.58207702636719
2017-09-01,38.59383773803711
2017-09-05,38.13038635253906
2017-09-06,38.09039688110352
2017-09-07,37.93747329711914
2017-09-08,37.31874084472656
2017-09-11,37.99392318725586
2017-09-12,37.8433723449707
2017-09-13,37.55870056152344
2017-09-14,37.23640441894531
2017-09-15,37.61281967163086
2017-09-18,37.32815933227539
2017-09-19,37.34226989746094
2017-09-20,36.71650314331055
2017-09-21,36.08600616455078
2017-09-22,35.73311996459961
2017-09-25,35.41787338256836
2017-09-26,36.027198791503906
2017-09-27,36.28361892700195
2017-09-28,36.06011962890625
2017-09-29,36.25773239135742
2017-10-02,36.1848030090332
2017-10-03,36.34243774414063
2017-10-04,36.107177734375
2017-10-05,36.55651092529297
2017-10-06,36.535343170166016
2017-10-09,36.66238021850586
2017-10-10,36.67649841308594
2017-10-11,36.82941818237305
2017-10-12,36.70002365112305
2017-10-13,36.93292999267578
2017-10-16,37.61281967163086
2017-10-17,37.75161361694336
2017-10-18,37.58458709716797
2017-10-19,36.69533157348633
2017-10-20,36.75883483886719
2017-10-23,36.74001693725586
2017-10-24,36.95881271362305
2017-10-25,36.79647445678711
2017-10-26,37.031734466552734
2017-10-27,38.35857772827149
2017-10-30,39.22197341918945
2017-10-31,39.76776885986328
2017-11-01,39.26197814941406
2017-11-02,39.54896926879883
2017-11-03,40.58175277709961
2017-11-06,40.993465423583984
2017-11-07,41.12519454956055
2017-11-08,41.46161651611328
2017-11-09,41.376930236816406
2017-11-10,41.2399787902832
2017-11-13,41.0747184753418
2017-11-14,40.45376586914063
2017-11-15,39.92017364501953
2017-11-16,40.3970947265625
2017-11-17,40.17280197143555
2017-11-20,40.13266372680664
2017-11-21,40.878753662109375
2017-11-22,41.3084602355957
2017-11-24,41.310813903808594
2017-11-27,41.10305404663086
2017-11-28,40.86222839355469
2017-11-29,40.01460647583008
2017-11-30,40.57417678833008
2017-12-01,40.38528823852539
2017-12-04,40.09017181396485
2017-12-05,40.05239486694336
2017-12-06,39.90364456176758
2017-12-07,39.976829528808594
2017-12-08,39.988651275634766
2017-12-11,40.76778030395508
2017-12-12,40.53875350952149
2017-12-13,40.67334747314453
2017-12-14,40.66153717041016
2017-12-15,41.0747184753418
2017-12-18,41.65315628051758
2017-12-19,41.20928955078125
2017-12-20,41.16444396972656
2017-12-21,41.32025909423828
2017-12-22,41.32025909423828
2017-12-26,40.271968841552734
2017-12-27,40.27904510498047
2017-12-28,40.39237594604492
2017-12-29,39.9555892944336
2018-01-02,40.67097854614258
2018-01-03,40.66389083862305
2018-01-04,40.85277557373047
2018-01-05,41.31789779663086
2018-01-08,41.16444396972656
2018-01-09,41.15970993041992
2018-01-10,41.15026092529297
2018-01-11,41.38400650024414
2018-01-12,41.81134796142578
2018-01-16,41.5988655090332
2018-01-17,42.285926818847656
2018-01-18,42.32369613647461
2018-01-19,42.13481521606445
2018-01-22,41.79010772705078
2018-01-23,41.79954528808594
2018-01-24,41.133731842041016
2018-01-25,40.39946365356445
2018-01-26,40.493900299072266
2018-01-29,39.655738830566406
2018-01-30,39.4219970703125
2018-01-31,39.53059768676758
2018-02-01,39.61323547363281
2018-02-02,37.8944091796875
2018-02-05,36.94765090942383
2018-02-06,38.49175643920898
2018-02-07,37.667755126953125
2018-02-08,36.63126373291016
2018-02-09,37.079322814941406
2018-02-12,38.57283020019531
2018-02-13,38.9592399597168
2018-02-14,39.67755126953125
2018-02-15,41.00986099243164
2018-02-16,40.87710189819336
2018-02-20,40.73960494995117
2018-02-21,40.55469131469727
2018-02-22,40.8936882019043
2018-02-23,41.60488128662109
2018-02-26,42.42749786376953
2018-02-27,42.29000473022461
2018-02-28,42.22600173950195
2018-03-01,41.486358642578125
2018-03-02,41.7732048034668
2018-03-05,41.917816162109375
2018-03-06,41.88225555419922
2018-03-07,41.493465423583984
2018-03-08,41.94624710083008
2018-03-09,42.66693115234375
2018-03-12,43.07942962646485
2018-03-13,42.66456985473633
2018-03-14,42.301856994628906
2018-03-15,42.35164642333984
2018-03-16,42.202293395996094
2018-03-19,41.55747604370117
2018-03-20,41.543251037597656
2018-03-21,40.60210418701172
2018-03-22,40.02840423583984
2018-03-23,39.10147857666016
2018-03-26,40.95769882202149
2018-03-27,39.907501220703125
2018-03-28,39.4665641784668
2018-03-29,39.774749755859375
2018-04-02,39.51396942138672
2018-04-03,39.91937255859375
2018-04-04,40.68271255493164
2018-04-05,40.96481704711914
2018-04-06,39.91699600219727
2018-04-09,40.31288909912109
2018-04-10,41.07149124145508
2018-04-11,40.87946701049805
2018-04-12,41.28247833251953
2018-04-13,41.42235565185547
2018-04-16,41.68075180053711
2018-04-17,42.25444793701172
2018-04-18,42.15962219238281
2018-04-19,40.96481704711914
2018-04-20,39.28638458251953
2018-04-23,39.17259979248047
2018-04-24,38.62734603881836
2018-04-25,38.79566955566406
2018-04-26,38.9307975769043
2018-04-27,38.48036193847656
2018-04-30,39.17734146118164
2018-05-01,40.087677001953125
2018-05-02,41.85854721069336
2018-05-03,41.93440628051758
2018-05-04,43.57963943481445
2018-05-07,43.89493560791016
2018-05-08,44.10592651367188
2018-05-09,44.416481018066406
2018-05-10,45.05181503295898
2018-05-11,44.880462646484375
2018-05-14,44.7757568359375
2018-05-15,44.36880493164063
2018-05-16,44.78289031982422
2018-05-17,44.49971008300781
2018-05-18,44.33787536621094
2018-05-21,44.65200424194336
2018-05-22,44.540164947509766
2018-05-23,44.825721740722656
2018-05-24,44.7757568359375
2018-05-25,44.87808609008789
2018-05-29,44.71625900268555
2018-05-30,44.62107467651367
2018-05-31,44.47114181518555
2018-06-01,45.273136138916016
2018-06-04,45.65151596069336
2018-06-05,46.00372695922852
2018-06-06,46.163177490234375
2018-06-07,46.03942489624024
2018-06-08,45.62057876586914
2018-06-11,45.508731842041016
2018-06-12,45.75861358642578
2018-06-13,45.38260269165039
2018-06-14,45.40641021728516
2018-06-15,44.93995666503906
2018-06-18,44.91616821289063
2018-06-19,44.19033050537109
2018-06-20,44.383094787597656
2018-06-21,44.13558578491211
2018-06-22,44.00707626342773
2018-06-25,43.352638244628906
2018-06-26,43.89046859741211
2018-06-27,43.82621765136719
2018-06-28,44.145111083984375
2018-06-29,44.05230331420898
2018-07-02,44.5449104309082
2018-07-03,43.76911163330078
2018-07-05,44.12130355834961
2018-07-06,44.7329216003418
2018-07-09,45.354034423828125
2018-07-10,45.2993049621582
2018-07-11,44.71149826049805
2018-07-12,45.46113967895508
2018-07-13,45.53253173828125
2018-07-16,45.43257522583008
2018-07-17,45.56108474731445
2018-07-18,45.31120300292969
2018-07-19,45.66341400146485
2018-07-20,45.55870819091797
2018-07-23,45.599159240722656
2018-07-24,45.92995071411133
2018-07-25,46.36307144165039
2018-07-26,46.21790313720703
2018-07-27,45.44923782348633
2018-07-30,45.19459533691406
2018-07-31,45.28502655029297
2018-08-01,47.9527702331543
2018-08-02,49.35447311401367
2018-08-03,49.49725341796875
2018-08-06,49.754276275634766
2018-08-07,49.287841796875
2018-08-08,49.3211555480957
2018-08-09,49.70906066894531
2018-08-10,49.56100082397461
2018-08-13,49.881004333496094
2018-08-14,50.09116363525391
2018-08-15,50.20817184448242
2018-08-16,50.94373321533203
2018-08-17,51.9610710144043
2018-08-20,51.45478439331055
2018-08-21,51.35448455810547
2018-08-22,51.35688018798828
2018-08-23,51.46195602416992
2018-08-24,51.62195587158203
2018-08-27,52.04704284667969
2018-08-28,52.46736145019531
2018-08-29,53.25066757202149
2018-08-30,53.74022674560547
2018-08-31,54.36115646362305
2018-09-04,54.535491943359375
2018-09-05,54.17965316772461
2018-09-06,53.279327392578125
2018-09-07,52.84946060180664
2018-09-10,52.14018630981445
2018-09-11,53.45842742919922
2018-09-12,52.794532775878906
2018-09-13,54.06980514526367
2018-09-14,53.45603942871094
2018-09-17,52.03272247314453
2018-09-18,52.11868667602539
2018-09-19,52.14973831176758
2018-09-20,52.546165466308594
2018-09-21,51.98017883300781
2018-09-24,52.727664947509766
2018-09-25,53.06199645996094
2018-09-26,52.63931274414063
2018-09-27,53.72113800048828
2018-09-28,53.9097900390625
2018-10-01,54.27279281616211
2018-10-02,54.75519180297852
2018-10-03,55.4214973449707
2018-10-04,54.44712448120117
2018-10-05,53.56351852416992
2018-10-08,53.4393424987793
2018-10-09,54.17965316772461
2018-10-10,51.66972351074219
2018-10-11,51.21358489990234
2018-10-12,53.04290390014648
2018-10-15,51.908538818359375
2018-10-16,53.05244827270508
2018-10-17,52.823184967041016
2018-10-18,51.58853149414063
2018-10-19,52.37422561645508
2018-10-22,52.69423675537109
2018-10-23,53.19096374511719
2018-10-24,51.36642837524414
2018-10-25,52.491241455078125
2018-10-26,51.655391693115234
2018-10-29,50.68581008911133
2018-10-30,50.9389533996582
2018-10-31,52.26676559448242
2018-11-01,53.06917572021485
2018-11-02,49.549049377441406
2018-11-05,48.14244079589844
2018-11-06,48.66305923461914
2018-11-07,50.138916015625
2018-11-08,49.963993072509766
2018-11-09,49.0006103515625
2018-11-12,46.53224182128906
2018-11-13,46.06732940673828
2018-11-14,44.76604080200195
2018-11-15,45.87082290649414
2018-11-16,46.37886047363281
2018-11-19,44.540775299072266
2018-11-20,42.412715911865234
2018-11-21,42.36478042602539
2018-11-23,41.28876876831055
2018-11-26,41.84714126586914
2018-11-27,41.75608444213867
2018-11-28,43.36170959472656
2018-11-29,43.02860641479492
2018-11-30,42.796142578125
2018-12-03,44.291542053222656
2018-12-04,42.34321594238281
2018-12-06,41.8711051940918
2018-12-07,40.37810516357422
2018-12-10,40.64412307739258
2018-12-11,40.41165542602539
2018-12-12,40.524295806884766
2018-12-13,40.9676399230957
2018-12-14,39.656776428222656
2018-12-17,39.287715911865234
2018-12-18,39.79816818237305
2018-12-19,38.55679702758789
2018-12-20,37.58383560180664
2018-12-21,36.12198257446289
2018-12-24,35.18735885620117
2018-12-26,37.66529846191406
2018-12-27,37.42086410522461
2018-12-28,37.440040588378906
2018-12-31,37.80189895629883
